"Reference","Qty","Value","DNP","Exclude from BOM","Exclude from Board","Footprint","Datasheet"
"C1,C2,C8,C10,C12,C14","6","10uF","","","","PCM_SparkFun-Capacitor:C_0603_1608Metric_Polar","https://datasheets.kyocera-avx.com/tc-series.pdf"
"C3,C4,C5","3","22uF","","","","PCM_SparkFun-Capacitor:C_0603_1608Metric","https://cdn.sparkfun.com/assets/8/a/4/a/5/Kemet_Capacitor_Datasheet.pdf"
"C6,C7,C9,C11,C13,C15,C18","7","CERAMIC-100NF-50V-10%-X7R_0805_","","","","Capacitor_SMD:C_0805_2012Metric",""
"C16,C17","2","100nF","","","","Capacitor_SMD:C_0603_1608Metric",""
"D1","1","Red","","","","PCM_SparkFun-LED:LED_0402_1005Metric_Red","https://www.sunledusa.com/products/spec/XZMDK68W-2.pdf"
"D2,D3","2","1N5819","","","","Diode_THT:D_DO-41_SOD81_P10.16mm_Horizontal","http://www.vishay.com/docs/88525/1n5817.pdf"
"D4,D5","2","Green","","","","PCM_SparkFun-LED:LED_1206_3216Metric_Green","https://www.inolux-corp.com/datasheet/SMDLED/Mono%20Color%20Top%20View/IN-S126AT%20Series_V1.0.pdf"
"D6,D7,D8","3","LED-SMD-RED-DIFFUSED_0603_","","","","LED_SMD:LED_0603_1608Metric",""
"DISP1","1","CR2013-MI2120","","","Excluded from board","","http://pan.baidu.com/s/11Y990"
"J1,J3,J4,J5,J6","5","GROVE-CONNECTOR-DIP_4P-2.0_","","","","seeed:GROVE-HW4-2.0",""
"J2","1","GROVE-CONNECTOR-DIP-90D_4P-2.0_","","","","seeed:GROVE-HW4-2.0-90D",""
"J7","1","seeed:GROVE-HW4-2.0","","","","seeed:GROVE-HW4-2.0",""
"J8","1","GROVE-CONNECTOR-SMD_4+2P-2.0_","","","","Connector:GROVE-HW4-SMD-2.0",""
"J9,J10,J11","3","Conn_01x02","","","","PCM_SparkFun-Connector:1x02_P2.54mm",""
"J12","1","JST_2mm_LiPo","","","","PCM_SparkFun-Connector:JST_1x02_P2.0mm_Horizontal_SMD",""
"J13","1","Screw_Terminal_01x02","","","","Connector_PinHeader_2.54mm:PinHeader_1x02_P2.54mm_Vertical",""
"J14","1","Micro_SD_Card_passive_clk","","","","seeed:MICRO-SD9+4P-SMD-16.1X14.5X1.85MM","https://www.we-online.com/components/products/datasheet/693072010801.pdf"
"J15","1","H4M_2x6_MDK","","","","Connector_PinHeader_2.54mm:PinHeader_2x06_P2.54mm_Horizontal","H4M/MDK mirrored 2x6"
"J16,J17,J18,J19","4","Conn_Coaxial","DNP","","Excluded from board","PCM_SparkFun-Connector:1x02",""
"JP_H4M_3V1","1","3V3_ISO","","","","PCM_SparkFun-Connector:1x02_P2.54mm",""
"JP_VBAT_H4M1","1","VBAT_ISO","","","","PCM_SparkFun-Connector:1x02_P2.54mm",""
"J_AS1","1","AS5600_LANDING","","","","Connector:GROVE-HW4-SMD-2.0",""
"J_BMI1","1","BMI160_LANDING","","","","Connector:GROVE-HW4-SMD-2.0",""
"J_BMM1","1","BMM150_LANDING","","","","Connector:GROVE-HW4-SMD-2.0",""
"J_BMP1","1","BMP280_LANDING","","","","Connector:GROVE-HW4-SMD-2.0",""
"J_DISP1","1","DISP_SPI_9P","","","","Connector_PinHeader_2.54mm:PinHeader_1x09_P2.54mm_Vertical","http://pan.baidu.com/s/11Y990"
"J_SHT1","1","SHT31_LANDING","","","","Connector:GROVE-HW4-SMD-2.0",""
"J_WIO1,J_WIO2,J_WIO3,J_WIO4","4","WioSX1262_Shield_Socket","","","","New_XIAO_Series_Footprints:XIAO-ESP32-S3-DIP",""
"L1","1","1.5uH","","","","PCM_SparkFun-Coil:0805","https://mm.digikey.com/Volume0/opasdata/d220001/medias/docus/1221/MBKK2012T1R0M_SS.pdf"
"R1,R_H4M_SCL1,R_H4M_SDA1","3","33","","","","PCM_SparkFun-Resistor:R_0402_1005Metric","https://www.vishay.com/docs/20035/dcrcwe3.pdf"
"R2","1","1k","","","","PCM_SparkFun-Resistor:R_0402_1005Metric","https://www.vishay.com/docs/20035/dcrcwe3.pdf"
"R3,R7","2","1k","","","","PCM_SparkFun-Resistor:R_0603_1608Metric","https://www.vishay.com/docs/20035/dcrcwe3.pdf"
"R4","1","560k","","","","PCM_SparkFun-Resistor:R_0402_1005Metric","https://www.vishay.com/docs/20035/dcrcwe3.pdf"
"R5","1","2.0k","","","","PCM_SparkFun-Resistor:R_0402_1005Metric","https://www.vishay.com/docs/20035/dcrcwe3.pdf"
"R6","1","100k","","","","PCM_SparkFun-Resistor:R_0603_1608Metric","https://www.vishay.com/docs/20035/dcrcwe3.pdf"
"R8","1","0","","","","PCM_SparkFun-Resistor:R_0603_1608Metric","https://industrial.panasonic.com/cdbs/www-data/pdf/RDN0000/AOA0000C313.pdf"
"R9,R10,R11,R12,R13,R14,R15,R16,R17,R18,R19,R20,R21,R22,R23,R24,R25,R26,R27,R28,R29,R30,R31,R32,R33,R36,R37,R38,R39,R40,R41","31","10k","","","","PCM_SparkFun-Resistor:R_0603_1608Metric","https://www.vishay.com/docs/20035/dcrcwe3.pdf"
"R34,R35","2","R_0603","","","","PCM_Resistor_SMD_AKL:R_0603_1608Metric",""
"R42,R43,R44","3","330","","","","PCM_SparkFun-Resistor:R_0603_1608Metric","https://www.vishay.com/docs/20035/dcrcwe3.pdf"
"SC1","1","Solar_Cells","","","","Connector_PinHeader_2.54mm:PinHeader_1x02_P2.54mm_Vertical",""
"ST1,ST2,ST3","3","Standoff","","","","PCM_SparkFun-Hardware:Standoff_Reflow-M3.0",""
"ST4","1","Standoff","","","Excluded from board","PCM_SparkFun-Hardware:Standoff_Reflow-M3.0",""
"TP1","1","TestPoint","","","","PCM_SparkFun-Connector:TestPoint-0.5mm",""
"TP_H4M_3V1,TP_H4M_SCL1,TP_H4M_SDA1,TP_VBAT_H4M1","4","0.5mm","","","","PCM_SparkFun-Connector:TestPoint-0.5mm",""
"U1","1","TPS63020DSJR","","","","TPS63020:DSJ14_2P85X1P58","TPS63020DSJR"
"U2","1","CN3170","","","","Package_SO:SOIC-8-1EP_3.9x4.9mm_P1.27mm_EP2.41x3.3mm_ThermalVias","http://www.consonance-elec.com/en/static/upload/file/20221107/1667805770192920.pdf"
"U3","1","XIAO-S3-Plus","","","","Seeed_Xiao:XIAO-ESP32-S3-Plus-SMD",""
"U4","1","TCA9548APWR","","","","Package_SO:TSSOP-24_4.4x7.8mm_P0.65mm","http://www.ti.com/lit/ds/symlink/tca9548a.pdf"
"U5","1","MCP23017x-x-SS","","","","Package_SO:SSOP-28_5.3x10.2mm_P0.65mm","https://ww1.microchip.com/downloads/aemDocuments/documents/APID/ProductDocuments/DataSheets/MCP23017-Data-Sheet-DS20001952.pdf"
"WIO1,WIO2,WIO3,WIO4","4","WIO_LANDING_12P","","","Excluded from board","Wio:Wio-SX1262-12P",""
